{
  "timestamp": "2026-02-11T12:33:14.026631",
  "phase": "Experiment 09 - Fusion Experiments (prediction-level)",
  "input": {
    "predictions_parquet": "/Volumes/My Drive/Priyodip/college notes and stuff/sem6/research work/implemnetation/chikungunya-early-warningV2/results/analysis/lead_time_predictions_p75.parquet",
    "probability_threshold": 0.5
  },
  "strategies": {
    "gated_decision": "Use Bayesian P(Z>q) when high risk, else XGBoost",
    "weighted_ensemble": "Weighted combination of probabilities"
  },
  "aggregated": {
    "gated_decision": {
      "auc_mean": 0.5011688311688312,
      "auc_std": 0.038596563588790544,
      "aupr_mean": 0.22797660672660675,
      "aupr_std": 0.20217916989323342,
      "precision_mean": 0.17987012987012987,
      "precision_std": 0.15139203408529475,
      "recall_mean": 0.46428571428571425,
      "recall_std": 0.40279634799633385,
      "f1_mean": 0.25277777777777777,
      "f1_std": 0.20794408080236554,
      "kappa_mean": -0.0018288646143660658,
      "kappa_std": 0.08778022778844727,
      "brier_mean": 0.6455884790215093,
      "brier_std": 0.20697892898973588
    },
    "weighted_ensemble": {
      "auc_mean": 0.5,
      "auc_std": 0.0,
      "aupr_mean": 0.0,
      "aupr_std": 0.0,
      "precision_mean": 0.0,
      "precision_std": 0.0,
      "recall_mean": 0.0,
      "recall_std": 0.0,
      "f1_mean": 0.0,
      "f1_std": 0.0,
      "kappa_mean": NaN,
      "kappa_std": NaN,
      "brier_mean": 0.3282688591348526,
      "brier_std": 0.322308038521275
    }
  },
  "fold_results": [
    {
      "fold": "fold_2018",
      "n_rows": 78,
      "strategies": {
        "gated_decision": {
          "strategy": "gated_decision",
          "gate_threshold": 0.8,
          "risk_quantile": 0.8,
          "bayes_usage_rate": 0.058823529411764705,
          "metrics": {
            "auc": 0.45714285714285713,
            "aupr": 0.5227813852813853,
            "precision": 0.36363636363636365,
            "recall": 0.5714285714285714,
            "f1": 0.4444444444444444,
            "kappa": -0.11842105263157898,
            "brier": 0.37632283887233275
          }
        },
        "weighted_ensemble": {
          "error": "Input contains NaN."
        }
      }
    },
    {
      "fold": "fold_2019",
      "n_rows": 72,
      "strategies": {
        "gated_decision": {
          "strategy": "gated_decision",
          "gate_threshold": 0.8,
          "risk_quantile": 0.8,
          "bayes_usage_rate": 0.6,
          "metrics": {
            "auc": 0.47727272727272724,
            "aupr": 0.29210164835164837,
            "precision": 0.25,
            "recall": 0.75,
            "f1": 0.375,
            "kappa": -0.04166666666666652,
            "brier": 0.5551513605011892
          }
        },
        "weighted_ensemble": {
          "error": "Input contains NaN."
        }
      }
    },
    {
      "fold": "fold_2020",
      "n_rows": 20,
      "strategies": {
        "gated_decision": {
          "strategy": "gated_decision",
          "gate_threshold": 0.8,
          "risk_quantile": 0.8,
          "bayes_usage_rate": 0.7777777777777778,
          "metrics": {
            "auc": 0.5714285714285714,
            "aupr": 0.325,
            "precision": 0.2857142857142857,
            "recall": 1.0,
            "f1": 0.4444444444444444,
            "kappa": 0.15094339622641517,
            "brier": 0.5200107692559076
          }
        },
        "weighted_ensemble": {
          "error": "Input contains NaN."
        }
      }
    },
    {
      "fold": "fold_2021",
      "n_rows": 31,
      "strategies": {
        "gated_decision": {
          "strategy": "gated_decision",
          "gate_threshold": 0.8,
          "risk_quantile": 0.8,
          "bayes_usage_rate": 1.0,
          "metrics": {
            "auc": 0.5,
            "aupr": 0.0,
            "precision": 0.0,
            "recall": 0.0,
            "f1": 0.0,
            "kappa": 0.0,
            "brier": 0.8885450557895099
          }
        },
        "weighted_ensemble": {
          "strategy": "weighted_ensemble",
          "alpha_grid": [
            0.0,
            0.2,
            0.4,
            0.5,
            0.6,
            0.8,
            1.0
          ],
          "results": [
            {
              "alpha": 0.0,
              "metrics": {
                "auc": 0.5,
                "aupr": 0.0,
                "precision": 0.0,
                "recall": 0.0,
                "f1": 0.0,
                "kappa": 0.0,
                "brier": 0.6505768976561276
              }
            },
            {
              "alpha": 0.2,
              "metrics": {
                "auc": 0.5,
                "aupr": 0.0,
                "precision": 0.0,
                "recall": 0.0,
                "f1": 0.0,
                "kappa": 0.0,
                "brier": 0.6920018633647317
              }
            },
            {
              "alpha": 0.4,
              "metrics": {
                "auc": 0.5,
                "aupr": 0.0,
                "precision": 0.0,
                "recall": 0.0,
                "f1": 0.0,
                "kappa": 0.0,
                "brier": 0.736511162032372
              }
            },
            {
              "alpha": 0.5,
              "metrics": {
                "auc": 0.5,
                "aupr": 0.0,
                "precision": 0.0,
                "recall": 0.0,
                "f1": 0.0,
                "kappa": 0.0,
                "brier": 0.7599224362258307
              }
            },
            {
              "alpha": 0.6,
              "metrics": {
                "auc": 0.5,
                "aupr": 0.0,
                "precision": 0.0,
                "recall": 0.0,
                "f1": 0.0,
                "kappa": 0.0,
                "brier": 0.7841047936590484
              }
            },
            {
              "alpha": 0.8,
              "metrics": {
                "auc": 0.5,
                "aupr": 0.0,
                "precision": 0.0,
                "recall": 0.0,
                "f1": 0.0,
                "kappa": 0.0,
                "brier": 0.834782758244761
              }
            },
            {
              "alpha": 1.0,
              "metrics": {
                "auc": 0.5,
                "aupr": 0.0,
                "precision": 0.0,
                "recall": 0.0,
                "f1": 0.0,
                "kappa": 0.0,
                "brier": 0.8885450557895099
              }
            }
          ],
          "best_alpha": 0.0,
          "best_metrics": {
            "auc": 0.5,
            "aupr": 0.0,
            "precision": 0.0,
            "recall": 0.0,
            "f1": 0.0,
            "kappa": 0.0,
            "brier": 0.6505768976561276
          },
          "risk_quantile": 0.8
        }
      }
    },
    {
      "fold": "fold_2022",
      "n_rows": 6,
      "strategies": {
        "gated_decision": {
          "strategy": "gated_decision",
          "gate_threshold": 0.8,
          "risk_quantile": 0.8,
          "bayes_usage_rate": 1.0,
          "metrics": {
            "auc": 0.5,
            "aupr": 0.0,
            "precision": 0.0,
            "recall": 0.0,
            "f1": 0.0,
            "kappa": 0.0,
            "brier": 0.8879123706886071
          }
        },
        "weighted_ensemble": {
          "strategy": "weighted_ensemble",
          "alpha_grid": [
            0.0,
            0.2,
            0.4,
            0.5,
            0.6,
            0.8,
            1.0
          ],
          "results": [
            {
              "alpha": 0.0,
              "metrics": {
                "auc": 0.5,
                "aupr": 0.0,
                "precision": 0.0,
                "recall": 0.0,
                "f1": 0.0,
                "kappa": NaN,
                "brier": 0.0059608206135775554
              }
            },
            {
              "alpha": 0.2,