{
  "timestamp": "2026-02-12T20:55:51.942495",
  "config_path": "/Volumes/My Drive/Priyodip/college notes and stuff/sem6/research work/implemnetation/chikungunya-early-warningV2/config/config_default.yaml",
  "feature_set": "track_a",
  "outbreak_percentile": 60,
  "n_features": 9,
  "n_samples": 58,
  "cv_folds": 2,
  "probability_threshold": 0.5,
  "models": {
    "threshold": {
      "auc_mean": 0.45370370370370366,
      "auc_std": 0.28703703703703703,
      "f1_mean": 0.0,
      "f1_std": 0.0,
      "sensitivity_mean": 0.0,
      "specificity_mean": 0.9722222222222222,
      "brier_mean": 0.4197746084861646,
      "n_folds": 2,
      "fold_results": [
        {
          "auc": 0.16666666666666666,
          "sensitivity": 0.0,
          "specificity": 1.0,
          "precision": 0.0,
          "f1": 0.0,
          "false_alarm_rate": 0.0,
          "true_positives": 0,
          "false_positives": 0,
          "true_negatives": 1,
          "false_negatives": 6,
          "brier": 0.6302121195067157,
          "n_samples": 7,
          "n_positive": 6,
          "n_negative": 1,
          "fold": "fold_2017",
          "test_year": 2017
        },
        {
          "auc": 0.7407407407407407,
          "sensitivity": 0.0,
          "specificity": 0.9444444444444444,
          "precision": 0.0,
          "f1": 0.0,
          "false_alarm_rate": 1.0,
          "true_positives": 0,
          "false_positives": 1,
          "true_negatives": 17,
          "false_negatives": 6,
          "brier": 0.20933709746561346,
          "n_samples": 24,
          "n_positive": 6,
          "n_negative": 18,
          "fold": "fold_2018_2019",
          "test_year": 2019
        }
      ],
      "skipped_folds": []
    },
    "logistic": {
      "auc_mean": 0.33796296296296297,
      "auc_std": 0.17129629629629634,
      "f1_mean": 0.5865384615384616,
      "f1_std": 0.33653846153846156,
      "sensitivity_mean": 0.6666666666666666,
      "specificity_mean": 0.2777777777777778,
      "brier_mean": 0.25947096274150727,
      "n_folds": 2,
      "fold_results": [
        {
          "auc": 0.16666666666666666,
          "sensitivity": 1.0,
          "specificity": 0.0,
          "precision": 0.8571428571428571,
          "f1": 0.9230769230769231,
          "false_alarm_rate": 0.14285714285714285,
          "true_positives": 6,
          "false_positives": 1,
          "true_negatives": 0,
          "false_negatives": 0,
          "brier": 0.23303032902859222,
          "n_samples": 7,
          "n_positive": 6,
          "n_negative": 1,
          "fold": "fold_2017",
          "test_year": 2017
        },
        {
          "auc": 0.5092592592592593,
          "sensitivity": 0.3333333333333333,
          "specificity": 0.5555555555555556,
          "precision": 0.2,
          "f1": 0.25,
          "false_alarm_rate": 0.8,
          "true_positives": 2,
          "false_positives": 8,
          "true_negatives": 10,
          "false_negatives": 4,
          "brier": 0.28591159645442227,
          "n_samples": 24,
          "n_positive": 6,
          "n_negative": 18,
          "fold": "fold_2018_2019",
          "test_year": 2019
        }
      ],
      "skipped_folds": []
    },
    "random_forest": {
      "auc_mean": 0.6712962962962963,
      "auc_std": 0.16203703703703703,
      "f1_mean": 0.6684350132625995,
      "f1_std": 0.2546419098143236,
      "sensitivity_mean": 1.0,
      "specificity_mean": 0.027777777777777776,
      "brier_mean": 0.2983203892230244,
      "n_folds": 2,
      "fold_results": [
        {
          "auc": 0.8333333333333334,
          "sensitivity": 1.0,
          "specificity": 0.0,
          "precision": 0.8571428571428571,
          "f1": 0.9230769230769231,
          "false_alarm_rate": 0.14285714285714285,
          "true_positives": 6,
          "false_positives": 1,
          "true_negatives": 0,
          "false_negatives": 0,
          "brier": 0.1705207679594999,
          "n_samples": 7,
          "n_positive": 6,
          "n_negative": 1,
          "fold": "fold_2017",
          "test_year": 2017
        },
        {
          "auc": 0.5092592592592593,
          "sensitivity": 1.0,
          "specificity": 0.05555555555555555,
          "precision": 0.2608695652173913,
          "f1": 0.41379310344827586,
          "false_alarm_rate": 0.7391304347826086,
          "true_positives": 6,
          "false_positives": 17,
          "true_negatives": 1,
          "false_negatives": 0,
          "brier": 0.42612001048654885,
          "n_samples": 24,
          "n_positive": 6,
          "n_negative": 18,
          "fold": "fold_2018_2019",
          "test_year": 2019
        }
      ],
      "skipped_folds": []
    },
    "xgboost": {
      "auc_mean": 0.5,
      "auc_std": 0.0,
      "f1_mean": 0.46153846153846156,
      "f1_std": 0.46153846153846156,
      "sensitivity_mean": 0.5,
      "specificity_mean": 0.5,
      "brier_mean": 0.2472953786266192,
      "n_folds": 2,
      "fold_results": [
        {
          "auc": 0.5,
          "sensitivity": 1.0,
          "specificity": 0.0,
          "precision": 0.8571428571428571,
          "f1": 0.9230769230769231,
          "false_alarm_rate": 0.14285714285714285,
          "true_positives": 6,
          "false_positives": 1,
          "true_negatives": 0,
          "false_negatives": 0,
          "brier": 0.25,
          "n_samples": 7,
          "n_positive": 6,
          "n_negative": 1,
          "fold": "fold_2017",
          "test_year": 2017
        },
        {
          "auc": 0.5,
          "sensitivity": 0.0,
          "specificity": 1.0,
          "precision": 0.0,
          "f1": 0.0,
          "false_alarm_rate": 0.0,
          "true_positives": 0,
          "false_positives": 0,
          "true_negatives": 18,
          "false_negatives": 6,
          "brier": 0.24459075725323842,
          "n_samples": 24,
          "n_positive": 6,
          "n_negative": 18,
          "fold": "fold_2018_2019",
          "test_year": 2019
        }
      ],
      "skipped_folds": []
    }
  }
}