{
  "timestamp": "2026-02-10T23:38:19.477527",
  "model": "bayesian_state_space",
  "model_version": "v3",
  "phase": "Phase 5: Rolling-Origin CV Evaluation",
  "mcmc_config": {
    "n_warmup": 1000,
    "n_samples": 1000,
    "n_chains": 4,
    "adapt_delta": 0.95,
    "seed": 42
  },
  "aggregated": {
    "n_folds": 6,
    "n_failed": 0,
    "auc_mean": 0.6839826839826839,
    "auc_std": 0.26969232275220856,
    "f1_mean": 0.041666666666666664,
    "f1_std": 0.09316949906249125,
    "sensitivity_mean": 0.023809523809523808,
    "sensitivity_std": 0.05323971374999499,
    "specificity_mean": 1.0,
    "specificity_std": 0.0,
    "brier_mean": 0.19142128958333335,
    "brier_std": 0.10776990359090019
  },
  "fold_results": [
    {
      "fold": "fold_2017",
      "test_year": 2017,
      "n_train": 402,
      "n_test": 8,
      "n_positive": 7,
      "n_negative": 1,
      "metrics": {
        "auc": 0.8571428571428571,
        "f1": 0.25,
        "sensitivity": 0.14285714285714285,
        "specificity": 1.0,
        "brier": 0.3948553046875,
        "precision": 1.0,
        "false_alarm_rate": 0.0
      },
      "diagnostics": {
        "n_divergences": 1,
        "max_rhat": 1.04957,
        "min_ess_bulk": 104.835,
        "min_ess_tail": 323.704,
        "parameter_summary": {
          "mu_alpha": {
            "mean": 3.53694,
            "std": 0.0802403,
            "rhat": 1.00676,
            "ess_bulk": 581.436
          },
          "sigma_alpha": {
            "mean": 0.574843,
            "std": 0.0874283,
            "rhat": 1.00632,
            "ess_bulk": 439.589
          },
          "rho": {
            "mean": 0.266884,
            "std": 0.103605,
            "rhat": 1.01677,
            "ess_bulk": 255.226
          },
          "beta_temp": {
            "mean": 0.0359165,
            "std": 0.0274664,
            "rhat": 1.00089,
            "ess_bulk": 1515.5
          },
          "sigma": {
            "mean": 0.747433,
            "std": 0.0739485,
            "rhat": 1.03974,
            "ess_bulk": 135.207
          },
          "phi": {
            "mean": 6.52368,
            "std": 2.77855,
            "rhat": 1.04957,
            "ess_bulk": 104.835
          }
        }
      },
      "diagnostics_summary": {
        "converged": false,
        "n_divergences": 1,
        "max_rhat": 1.04957,
        "min_ess_bulk": 104.835
      },
      "forecasting": {
        "enabled": true,
        "method": "temporal_ar1_extrapolation",
        "note": "Forecasts use AR(1) dynamics with posterior parameter samples"
      }
    },
    {
      "fold": "fold_2018",
      "test_year": 2018,
      "n_train": 459,
      "n_test": 16,
      "n_positive": 6,
      "n_negative": 10,
      "metrics": {
        "auc": 0.5833333333333334,
        "f1": 0.0,
        "sensitivity": 0.0,
        "specificity": 1.0,
        "brier": 0.2394884765625,
        "precision": 0.0,
        "false_alarm_rate": 0.0
      },
      "diagnostics": {
        "n_divergences": 1,
        "max_rhat": 1.03314,
        "min_ess_bulk": 103.684,
        "min_ess_tail": 161.7,
        "parameter_summary": {
          "mu_alpha": {
            "mean": 3.50867,
            "std": 0.0719849,
            "rhat": 1.00386,
            "ess_bulk": 589.791
          },
          "sigma_alpha": {
            "mean": 0.532583,
            "std": 0.0815207,
            "rhat": 1.00273,
            "ess_bulk": 489.979
          },
          "rho": {
            "mean": 0.280745,
            "std": 0.0874835,
            "rhat": 1.00696,
            "ess_bulk": 338.367
          },
          "beta_temp": {
            "mean": 0.0307457,
            "std": 0.0260862,
            "rhat": 1.00267,
            "ess_bulk": 1136.7
          },
          "sigma": {
            "mean": 0.746894,
            "std": 0.0580606,
            "rhat": 1.03059,
            "ess_bulk": 137.592
          },
          "phi": {
            "mean": 7.35709,
            "std": 2.71032,
            "rhat": 1.03314,
            "ess_bulk": 103.684
          }
        }
      },
      "diagnostics_summary": {
        "converged": false,
        "n_divergences": 1,
        "max_rhat": 1.03314,
        "min_ess_bulk": 103.684
      },
      "forecasting": {
        "enabled": true,
        "method": "temporal_ar1_extrapolation",
        "note": "Forecasts use AR(1) dynamics with posterior parameter samples"
      }
    },
    {
      "fold": "fold_2019",
      "test_year": 2019,
      "n_train": 531,
      "n_test": 15,
      "n_positive": 4,
      "n_negative": 11,
      "metrics": {
        "auc": 0.2954545454545454,
        "f1": 0.0,
        "sensitivity": 0.0,
        "specificity": 1.0,
        "brier": 0.2117004875,
        "precision": 0.0,
        "false_alarm_rate": 0.0
      },
      "diagnostics": {
        "n_divergences": 1,
        "max_rhat": 1.03873,
        "min_ess_bulk": 133.359,
        "min_ess_tail": 180.065,
        "parameter_summary": {
          "mu_alpha": {
            "mean": 3.4881,
            "std": 0.0635621,
            "rhat": 1.00444,
            "ess_bulk": 759.077
          },
          "sigma_alpha": {
            "mean": 0.503776,
            "std": 0.0697757,
            "rhat": 1.00459,
            "ess_bulk": 530.924
          },
          "rho": {
            "mean": 0.253789,
            "std": 0.0788239,
            "rhat": 1.02035,
            "ess_bulk": 222.187
          },
          "beta_temp": {
            "mean": 0.022625,
            "std": 0.0240121,
            "rhat": 1.00321,
            "ess_bulk": 1142.68
          },
          "sigma": {
            "mean": 0.734148,
            "std": 0.0468097,
            "rhat": 1.02277,
            "ess_bulk": 222.926
          },
          "phi": {
            "mean": 8.54137,
            "std": 2.87815,
            "rhat": 1.03873,
            "ess_bulk": 133.359
          }
        }
      },
      "diagnostics_summary": {
        "converged": false,
        "n_divergences": 1,
        "max_rhat": 1.03873,
        "min_ess_bulk": 133.359
      },
      "forecasting": {
        "enabled": true,
        "method": "temporal_ar1_extrapolation",
        "note": "Forecasts use AR(1) dynamics with posterior parameter samples"
      }
    },
    {
      "fold": "fold_2020",
      "test_year": 2020,
      "n_train": 598,
      "n_test": 8,
      "n_positive": 1,
      "n_negative": 7,
      "metrics": {
        "auc": 1.0,
        "f1": 0.0,
        "sensitivity": 0.0,
        "specificity": 1.0,
        "brier": 0.12441440625,
        "precision": 0.0,
        "false_alarm_rate": 0.0
      },
      "diagnostics": {
        "n_divergences": 1,
        "max_rhat": 1.0184,
        "min_ess_bulk": 125.353,
        "min_ess_tail": 334.133,
        "parameter_summary": {
          "mu_alpha": {
            "mean": 3.46752,
            "std": 0.0605224,
            "rhat": 1.00123,
            "ess_bulk": 612.121
          },
          "sigma_alpha": {
            "mean": 0.520245,
            "std": 0.0664197,
            "rhat": 1.00754,
            "ess_bulk": 483.588
          },
          "rho": {
            "mean": 0.245282,
            "std": 0.072245,
            "rhat": 1.01191,
            "ess_bulk": 353.094
          },
          "beta_temp": {
            "mean": 0.0130043,
            "std": 0.0215869,
            "rhat": 1.00555,
            "ess_bulk": 964.095
          },
          "sigma": {
            "mean": 0.712895,
            "std": 0.0428574,
            "rhat": 1.0113,
            "ess_bulk": 197.652
          },
          "phi": {
            "mean": 9.15242,
            "std": 2.85975,
            "rhat": 1.0184,
            "ess_bulk": 125.353
          }
        }
      },
      "diagnostics_summary": {
        "converged": false,
        "n_divergences": 1,
        "max_rhat": 1.0184,
        "min_ess_bulk": 125.353
      },
      "forecasting": {
        "enabled": true,