Parameter,Mean,SD,R̂,ESS_bulk,ESS_tail,Converged
beta_temp,-1.2722517138523133,0.024353908476104774,1.012580360307413,154,123,False
beta_rain,-0.8896677214879832,0.023138493242630544,1.0123946714534615,146,117,False
beta_degree_days,-0.6311513669866633,0.023086016882906225,1.0035529765091258,173,138,False
rho,0.802729330486925,0.0232275797727009,1.0054617690602925,199,159,False
sigma,0.29839905051440413,0.02370839312319161,1.0078720126803005,167,134,False
phi,1.500445976266967,0.025725416971367328,1.002330965819099,164,131,False
